Category,Mug,Bowl,Vase,Misc,,,Line,Japanese,Nature,Bow,Cloud,Lover,Modern
# of,9,5,6,5,,,# of,4,5,4,2,1,6
,,,,,,,,,,,,,
,,,,,,,,,,,,,



Images Made?,ID,Category,Name,Raw Cost,Real Cost,Price,Profit,Margin,Fast Shipping?,Link,,,
Cloud Line,1,Mug,Blue Cloud Mug & Plate,16.66,18.326,34.99,16.664,47.63%,Yes,https://www.temu.com/ceramic-cloud-coffee-cup-adorable-design-for--brew-stylish-drinkware-unique-cloud-shape-ideal-for-coffee-enthusiasts-tumblers-mug-g-603275483005214.html?_oak_mp_inf=EJ6C96bQlYkBGhV1MzYzeTN1ZTYyOXJnMmZkY2JnYWUg%2FYqG0rIz&top_gallery_url=https%3A%2F%2Fimg.kwcdn.com%2Flocal-goods-image%2F20ef5f3eb8%2Ffb90bc87-2033-45bf-a759-304f7eddc712_800x800.jpeg.format.jpg&spec_gallery_id=209383827901&refer_page_sn=10032&refer_source=0&freesia_scene=700&_oak_freesia_scene=700&_oak_rec_ext_1=OTAy&_oak_gallery_order=1499260058%2C189133430%2C2016157214%2C2086490538%2C1634247743&refer_page_el_sn=233141&refer_page_name=goods&refer_page_id=10032_1765945481802_trrijil02e&_x_sessn_id=bpl9nyuars&is_back=1,,,
Cloud Line,2,Mug,Red Cloud Mug & Plate,16.66,18.326,34.99,16.664,47.63%,Yes,https://www.temu.com/ceramic-cloud-coffee-cup-adorable-design-for--brew-stylish-drinkware-unique-cloud-shape-ideal-for-coffee-enthusiasts-tumblers-mug-g-603275483005214.html?_oak_mp_inf=EJ6C96bQlYkBGhV1MzYzeTN1ZTYyOXJnMmZkY2JnYWUg%2FYqG0rIz&top_gallery_url=https%3A%2F%2Fimg.kwcdn.com%2Flocal-goods-image%2F20ef5f3eb8%2Ffb90bc87-2033-45bf-a759-304f7eddc712_800x800.jpeg.format.jpg&spec_gallery_id=209383827901&refer_page_sn=10032&refer_source=0&freesia_scene=700&_oak_freesia_scene=700&_oak_rec_ext_1=OTAy&_oak_gallery_order=1499260058%2C189133430%2C2016157214%2C2086490538%2C1634247743&refer_page_el_sn=233141&refer_page_name=goods&refer_page_id=10032_1765945481802_trrijil02e&_x_sessn_id=bpl9nyuars&is_back=1,,,
Nature Line,3,Mug,Yellow Tulip Mug & Plate,17.94,19.734,34.99,15.256,43.60%,Yes,https://www.temu.com/vintage-floral-ceramic-coffee-mug-and-saucer-set-hand-painted-yellow-tulip-design-reusable-dishwasher-safe-ideal-for-breakfast-oatmeal-milk-and-latte--christmas-halloween-easter-hanukkah-thanksgiving-coffee-bar-accessories-g-601102861060703.html?_oak_name_id=7471746548442690652&_oak_mp_inf=EN%2BUh9Sy1ogBGhZnb29kc191YTA4dXpfcmVjb21tZW5kIPj0ttSyMw%3D%3D&top_gallery_url=https%3A%2F%2Fimg.kwcdn.com%2Fproduct%2Ffancy%2F3c0459d6-a472-4d93-bd9b-bf1965e28bec.jpg&spec_gallery_id=208109664299&refer_page_sn=10032&refer_source=10016&freesia_scene=11&_oak_freesia_scene=11&_oak_rec_ext_1=MTk5NQ&_oak_gallery_order=1600547735%2C225278865%2C494040667%2C539158580%2C420969685&refer_page_el_sn=200444&_x_sessn_id=bpl9nyuars&refer_page_name=goods&refer_page_id=10032_1765945489547_roo2ghs6dg&is_back=1&no_cache_id=hygu0,,,
Bow Line,4,Mug,Big Bow Mug w/ Box,18.29,20.119,39.99,19.871,49.69%,Yes,https://www.aliexpress.us/item/3256809342869936.html?spm=a2g0o.productlist.main.7.30177lLt7lLtx6&algo_pvid=225ba6ee-7137-4a26-8f6b-e3f7358e84a7&algo_exp_id=225ba6ee-7137-4a26-8f6b-e3f7358e84a7-6&pdp_ext_f=%7B%22order%22%3A%22-1%22%2C%22eval%22%3A%221%22%2C%22fromPage%22%3A%22search%22%7D&pdp_npi=6%40dis%21USD%2171.13%2116.36%21%21%21498.08%21114.53%21%402101e8f317658581392798944e6813%2112000049376727768%21sea%21US%210%21ABX%211%210%21n_tag%3A-29910%3Bd%3A9e3ca818%3Bm03_new_user%3A-29895%3BpisId%3A5000000187461913&curPageLogUid=YS9jxQcpZTK7&utparam-url=scene%3Asearch%7Cquery_from%3A%7Cx_object_id%3A1005009529184688%7C_p_origin_prod%3A,,,
Bow Line,5,Mug,Little Bow Mug,15.78,17.358,34.99,17.632,50.39%,Yes,https://www.aliexpress.us/item/3256809342869936.html?spm=a2g0o.productlist.main.7.30177lLt7lLtx6&algo_pvid=225ba6ee-7137-4a26-8f6b-e3f7358e84a7&algo_exp_id=225ba6ee-7137-4a26-8f6b-e3f7358e84a7-6&pdp_ext_f=%7B%22order%22%3A%22-1%22%2C%22eval%22%3A%221%22%2C%22fromPage%22%3A%22search%22%7D&pdp_npi=6%40dis%21USD%2171.13%2116.36%21%21%21498.08%21114.53%21%402101e8f317658581392798944e6813%2112000049376727768%21sea%21US%210%21ABX%211%210%21n_tag%3A-29910%3Bd%3A9e3ca818%3Bm03_new_user%3A-29895%3BpisId%3A5000000187461913&curPageLogUid=YS9jxQcpZTK7&utparam-url=scene%3Asearch%7Cquery_from%3A%7Cx_object_id%3A1005009529184688%7C_p_origin_prod%3A,,,
Japanese Line,6,Misc,Flower / Lotus / Willow / Etc.,5.14,5.654,14.99,9.336,62.28%,Yes,https://www.temu.com/vintage-ceramic-toothpick-holder-decorative-kitchen-storage-jar-with-floral-and--rustic-cream-base-for-home-or-restaurant-use-kitchen-accessory-traditional-aesthetic-glossy-ceramic--g-601099652569376.html?top_gallery_url=https%3A%2F%2Fimg.kwcdn.com%2Fproduct%2Ffancy%2F78a1f303-c8a9-4f43-9cfe-fd5b589de313.jpg&spec_gallery_id=2390452576&share_token=LIyX27jcul60e8LkMQdDqR4a-LO06xWSSasftOYMqYGonu86O7SjcXcYbrgB4cep7W2C84XkgZCKsyNQiBwP8_JP80LGA103W2AlFH2-shx-EFcStusIX0oD1RM9SEx_vA_bAH393b9Dz3FhlLaY3P-IiEo9x3A4ZlZeRyZNa9P&refer_page_el_sn=209279&refer_page_name=kuiper&refer_page_id=14021_1765768497180_8y7ly2r4to&refer_page_sn=14021&_x_sessn_id=ldq65hi8xk,,,
Japanese Line,7,Misc,Flower / Lotus / Willow / Etc. With Cover,9.9,10.89,19.99,9.1,45.52%,Yes,https://www.temu.com/toothpick-box-and-storage-box-transparent-dome-cover-elegant-and-modern-kitchen-table-decoration-durable-structure-suitable-for-family-dining-room-parties-multi-functional--hygiene-organizer--in-multiple-colors-fashionable-counter-g-601105795296982.html?_oak_mp_inf=ENbdmsu91ogBGhVqd2dmdGhweGM4cm1jdXpoNGdmdjYg5Pzl7LQz&top_gallery_url=https%3A%2F%2Fimg.kwcdn.com%2Fproduct%2Fopen%2F7454f211a6a74f56b40cef4163824ab3-goods.jpeg&spec_gallery_id=219468655390&refer_page_sn=20130&refer_source=0&freesia_scene=700&_oak_freesia_scene=700&_oak_rec_ext_1=NTYx&_oak_gallery_order=1237137034%2C1464535879%2C1771191460%2C755138470%2C1423909058&refer_page_el_sn=233141&_x_sessn_id=u958l8l85p&refer_page_name=Local%20Warehouse&refer_page_id=20130_1766533221450_wue95kwkg6,,,
Lover Line,9,Mug,Hear Mug and Plate,10,11,34.99,23.99,68.56%,Yes,"https://www.aliexpress.us/item/3256808610118256.html?spm=a2g0o.detail.pcDetailTopMoreOtherSeller.4.4e17bKf4bKf4cK&gps-id=pcDetailTopMoreOtherSeller&scm=1007.40050.354490.0&scm_id=1007.40050.354490.0&scm-url=1007.40050.354490.0&pvid=fdea596c-38da-4259-94cf-0bbab0916e4b&_t=gps-id:pcDetailTopMoreOtherSeller,scm-url:1007.40050.354490.0,pvid:fdea596c-38da-4259-94cf-0bbab0916e4b,tpp_buckets:668%232846%238113%231998&pdp_ext_f=%7B%22order%22%3A%2254%22%2C%22eval%22%3A%221%22%2C%22sceneId%22%3A%2230050%22%2C%22fromPage%22%3A%22recommend%22%7D&pdp_npi=6%40dis%21USD%2131.27%218.63%21%21%21218.85%2160.45%21%40210337c117664526686926903e54f7%2112000046698804008%21rec%21US%21%21ABX%211%210%21n_tag%3A-29910%3Bd%3A783f4a1%3Bm03_new_user%3A-29895%3BpisId%3A5000000187461913&utparam-url=scene%3ApcDetailTopMoreOtherSeller%7Cquery_from%3A%7Cx_object_id%3A1005008796433008%7C_p_origin_prod%3A",,,
No Line,10,Bowl,Polka Dot Bowl,12.1,13.31,24.99,11.68,46.74%,Yes,https://www.temu.com/large-white-black-polka-dot-ceramic-bowl-large-round--dish-stoneware-glaze-dishwasher-microwave-heat-resistant-fridge-vintage-tableware-for-weddings-housewarming-desserts-salads-cereal-15-g-601103680016030.html?_oak_mp_inf=EJ6dyNq11ogBGhVqd2dmdGhweGM4cm1jdXpoNGdmdjYg4%2BPv7LQz&top_gallery_url=https%3A%2F%2Fimg.kwcdn.com%2Fproduct%2Fopen%2F538acec92fb3435ea69b6a6b694f5772-goods.jpeg&spec_gallery_id=211432063591&refer_page_sn=20130&refer_source=0&freesia_scene=700&_oak_freesia_scene=700&_oak_rec_ext_1=OTEy&_oak_gallery_order=1944599203%2C359050324%2C313375968%2C755590940%2C2143017441&refer_page_el_sn=233141&_x_sessn_id=u958l8l85p&refer_page_name=Local%20Warehouse&refer_page_id=20130_1766533221450_wue95kwkg6,,,
Nature Line,11,Misc,Leaf Jewlery Holder With Bird,12,13.2,24.99,11.79,47.18%,Yes,https://www.temu.com/1pc-of-ceramic-bird-shaped-jewelry-tray-a-cute-bird-shaped-ceramic-dish-suitable-for-rings-earrings-necklaces-a-desktop-display-plate-and-a-jewelry-tray-for-party-decoration-jewelry-tray-for-selling-jewellery-trays-jewelry-tray-organizer-g-601104953694516.html?_oak_mp_inf=ELSy87m61ogBGhVqd2dmdGhweGM4cm1jdXpoNGdmdjYgkezy7LQz&top_gallery_url=https%3A%2F%2Fimg.kwcdn.com%2Fproduct%2Ffancy%2F7cc90142-ea72-4071-8cee-2218466c9146.jpg&spec_gallery_id=216316718063&refer_page_sn=20130&refer_source=0&freesia_scene=700&_oak_freesia_scene=700&_oak_rec_ext_1=ODU0&_oak_gallery_order=1201624306%2C1533857328%2C1376962835%2C681806418%2C455356626&refer_page_el_sn=233141&_x_sessn_id=u958l8l85p&refer_page_name=Local%20Warehouse&refer_page_id=20130_1766533221450_wue95kwkg6,,,
Nature Line,12,Bowl,Flower Bowl,8,8.8,24.99,16.19,64.79%,Yes,https://www.aliexpress.us/item/3256808328578059.html?spm=a2g0o.productlist.main.7.388263aawE1BLG&algo_pvid=ee2dad07-ca6c-43cd-9eed-45c8e573018b&algo_exp_id=ee2dad07-ca6c-43cd-9eed-45c8e573018b-6&pdp_ext_f=%7B%22order%22%3A%22-1%22%2C%22eval%22%3A%221%22%2C%22fromPage%22%3A%22search%22%7D&pdp_npi=6%40dis%21USD%2114.48%217.24%21%21%21101.26%2150.63%21%40210328c017665329010726844ea384%2112000045514286095%21sea%21US%210%21ABX%211%210%21n_tag%3A-29910%3Bd%3A783f4a1%3Bm03_new_user%3A-29895&curPageLogUid=QzennKrtB6i4&utparam-url=scene%3Asearch%7Cquery_from%3A%7Cx_object_id%3A1005008514892811%7C_p_origin_prod%3A,,,
Modern Line,13,Vase,Tripple Vase,14,15.4,65,49.6,76.31%,Yes,https://www.temu.com/set-of-3-ceramic-vases-contemporary-design-for-dried-flowers-round-shape-ideal-for-pampas-grass-bohemian-home-decoration-for-centerpiece--dinner-parties-living-rooms-offices-and-bedrooms-perfect-as-housewarming-birthday-g-601101412064786.html?_oak_mp_inf=EJK8j6Gt1ogBGhVqd2dmdGhweGM4cm1jdXpoNGdmdjYg%2FZHc7LQz&top_gallery_url=https%3A%2F%2Fimg.kwcdn.com%2Fproduct%2Ffancy%2F6f40c489-eb53-45f9-9a91-05f28643366a.jpg&spec_gallery_id=202683476764&refer_page_sn=20130&refer_source=0&freesia_scene=700&_oak_freesia_scene=700&_oak_rec_ext_1=MTMxNQ&_oak_gallery_order=68097591%2C28595015%2C1210422155%2C1922619754%2C567759621&refer_page_el_sn=233141&_x_sessn_id=u958l8l85p&refer_page_name=Local%20Warehouse&refer_page_id=20130_1766533221450_wue95kwkg6,,,
Nature Line,14,Mug,Flower Mug,9,9.9,22.99,13.09,56.94%,Yes,https://www.temu.com/1pc-flowers-pattern-ceramic-mug-coffee-cup-irregular-flower-milk-tea-cup-korean-style-oatmeal-breakfast-mug-drinkware-g-601099537269503.html?_oak_name_id=7141275779344253872&_oak_mp_inf=EP%2BFk6Om1ogBGhZnb29kc19reWJ1eWJfcmVjb21tZW5kINOW3ey0Mw%3D%3D&top_gallery_url=https%3A%2F%2Fimg.kwcdn.com%2Fproduct%2FFancyalgo%2FVirtualModelMatting%2F8761a3e7f5e102c76c10dccce882e622.jpg&spec_gallery_id=2068432254&refer_page_sn=10032&refer_source=10016&freesia_scene=11&_oak_freesia_scene=11&_oak_rec_ext_1=ODQz&_oak_gallery_order=1562414390%2C1376198741%2C124142843%2C2006228685%2C1129960560&refer_page_el_sn=200444&_x_sessn_id=u958l8l85p&refer_page_name=goods&refer_page_id=10032_1766533319079_apnfsrz5gv,,,
Nature Line,15,Mug,flower Mug x 4,27,29.7,59.99,30.29,50.49%,Yes,https://www.temu.com/4pcs--250ml-ceramic-coffee-mugs-with-cute--vibrant-orange-pink-green-yellow--home-office-dorm-hand-wash-only-multi-purpose-use-coffee-bar-accessories-g-601101225366321.html?_oak_mp_inf=ELGmjMis1ogBGhVqd2dmdGhweGM4cm1jdXpoNGdmdjYg4ZTX7LQz&top_gallery_url=https%3A%2F%2Fimg.kwcdn.com%2Fproduct%2Ffancy%2Fc99bef09-ea9e-4859-a2aa-e24e4eb968c9.jpg&spec_gallery_id=204528012327&refer_page_sn=20130&refer_source=0&freesia_scene=700&_oak_freesia_scene=700&_oak_rec_ext_1=MjMyOA&_oak_gallery_order=309926766%2C451917930%2C1449393719%2C684097386%2C1356911929&refer_page_el_sn=233141&_x_sessn_id=u958l8l85p&refer_page_name=Local%20Warehouse&refer_page_id=20130_1766533221450_wue95kwkg6,,,
Bow Line,16,Mug,Simple Mug,16,17.6,24.99,7.39,29.57%,Yes,https://www.temu.com/1pc-hand-molded-texture-ceramic-coffee-cup--style-irregular-mug-afternoon-tea-home-use-couple-drinking-water-cup-coffee-cups--coffee-mugs-mug-cup-coffee-mug-set-tea-cup-home-drinkware-handcrafted-mug-artistic-ceramic-cup-g-601104476046718.html?_oak_mp_inf=EP6Kkta41ogBGhVhcWI3NXJxa25wNjVkd3pueTcweXEgyZ2W7bQz&top_gallery_url=https%3A%2F%2Fimg.kwcdn.com%2Fproduct%2Ffancy%2F602b25ad-dfd3-46c7-9900-283afa82dc49.jpg&spec_gallery_id=214593197350&refer_page_sn=20130&refer_source=0&freesia_scene=700&_oak_freesia_scene=700&_oak_rec_ext_1=MTIyNA&_oak_gallery_order=1072881937%2C1847255185%2C1277949635%2C112697205%2C1512351192&refer_page_el_sn=233141&_x_sessn_id=u958l8l85p&refer_page_name=Local%20Warehouse&refer_page_id=20130_1766534234987_c3sr58ydzg,,,
Bow Line,17,Bowl,Bow Pot with glass lid,16,17.6,44.99,27.39,60.88%,Yes,https://www.temu.com/1pc-22-7oz-pink-bow-ceramic-soup-bowl-with-glass-lid-large-capacity-cute-porcelain-ramen-bowl-for-ramen-cereal-breakfast-meal-prep--dorm-living-microwave-safe-round-shape--brand-g-601105273647652.html?_oak_mp_inf=EKTku9K71ogBGiBhMDQ5OTQ3MmFhYTY0NzRjOWEzMTE2NzYyMzIzY2Q0OSDQ7LLwtDM%3D&top_gallery_url=https%3A%2F%2Fimg.kwcdn.com%2Fproduct%2Ffancy%2F1141fe2e-0d9c-4ad9-83e5-cd82b359bb53.jpg&spec_gallery_id=219186195555&refer_page_sn=10009&refer_source=0&freesia_scene=2&_oak_freesia_scene=2&_oak_rec_ext_1=MTYyOA&_oak_gallery_order=328406878%2C143280953%2C1998216922%2C1970111989%2C1061896858&search_query=handmade%20ceramic%20bowl&search_key=handmade%20ceramic%20bowl&refer_page_el_sn=200049&_x_chnl_src=top_icon&_x_sessn_id=u958l8l85p&refer_page_name=search_result&refer_page_id=10009_1766541015373_qets8npq8p,,,
No Line,18,Bowl,Cute Painting Boal,12,13.2,24.99,11.79,47.18%,Yes,https://www.temu.com/chic-vintage-inspired-ceramic-salad-bowl-6-76oz-handcrafted--for-desserts-snacks-cereal-yogurt-g-601099612033239.html?_oak_name_id=3980785255215915190&_oak_mp_inf=ENeh5sam1ogBGiBhMDQ5OTQ3MmFhYTY0NzRjOWEzMTE2NzYyMzIzY2Q0OSDP7LLwtDM%3D&top_gallery_url=https%3A%2F%2Fimg.kwcdn.com%2Fproduct%2Ffancy%2F59cb08d2-4a27-4ef6-9023-6e582023b3d0.jpg&spec_gallery_id=2418252805&refer_page_sn=10009&refer_source=0&freesia_scene=2&_oak_freesia_scene=2&_oak_rec_ext_1=MTE1MA&_oak_gallery_order=1049698727%2C1601362757%2C1468375467%2C1915131620%2C2087034336&search_query=handmade%20ceramic%20bowl&search_key=handmade%20ceramic%20bowl&refer_page_el_sn=200049&_x_chnl_src=top_icon&_x_sessn_id=u958l8l85p&refer_page_name=search_result&refer_page_id=10009_1766541015373_qets8npq8p,,,
Japanese Line,19,Misc,Japanese Spice holder,11,12.1,24.99,12.89,51.58%,Yes,https://www.temu.com/1pc-cute-ceramic-spice-jar-with-lid-spoon-seasoning-jar-seasoning-bottle-spice-box-for-spices-salt-sugar-g-601102493878251.html?_oak_name_id=332906047453585889&_oak_mp_inf=EOuP%2FKSx1ogBGhVhcWI3NXJxa25wNjVkd3pueTcweXEgw52W7bQz&top_gallery_url=https%3A%2F%2Fimg.kwcdn.com%2Fproduct%2Ffancy%2F7c6c8e8c-7a47-4d7c-8b25-5b07b67aed05.jpg&spec_gallery_id=206647468754&refer_page_sn=20130&refer_source=0&freesia_scene=700&_oak_freesia_scene=700&_oak_rec_ext_1=ODU2&_oak_gallery_order=139308008%2C1588502731%2C2002358316%2C2093569540%2C1620815489&refer_page_el_sn=233141&_x_sessn_id=u958l8l85p&refer_page_name=Local%20Warehouse&refer_page_id=20130_1766534234987_c3sr58ydzg,,,
No Line,20,Vase,6 multi color mini pots,20,22,44.99,22.99,51.10%,Yes,https://www.temu.com/6-pack-multicolor--ceramic-pots-with-artificial-succulents-mini-tabletop-decor-artificial-potted-plants-for-home-decoration-g-601102470112020.html?_oak_name_id=484697703858481629&_oak_mp_inf=EJTG0Zmx1ogBGhVjbWl6eHl1YzRmczRkZTNjcWNpdzIgwNWY8bQz&top_gallery_url=https%3A%2F%2Fimg.kwcdn.com%2Fproduct%2Ffancy%2Fdf8e2664-b416-4103-834a-6a3334180f5c.jpg&spec_gallery_id=206434826559&refer_page_sn=20130&refer_source=0&freesia_scene=700&_oak_freesia_scene=700&_oak_rec_ext_1=MTgzMg&_oak_gallery_order=2067800184%2C1545571967%2C1956736120%2C1646889150%2C630086465&refer_page_el_sn=233141&_x_sessn_id=u958l8l85p&refer_page_name=Local%20Warehouse&refer_page_id=20130_1766542683108_hotf3y743p,,,
Modern Line,21,Vase,Round Circular,5,5.5,29.99,24.49,81.66%,Yes,https://www.aliexpress.us/item/3256808795876987.html?spm=a2g0o.productlist.main.1.4fa4uITSuITSMN&algo_pvid=f968a035-bb01-4b67-aac8-a88d367c0027&algo_exp_id=f968a035-bb01-4b67-aac8-a88d367c0027-12&pdp_ext_f=%7B%22order%22%3A%2238%22%2C%22eval%22%3A%221%22%2C%22fromPage%22%3A%22search%22%7D&pdp_npi=6%40dis%21USD%2132.77%213.88%21%21%21229.16%2127.15%21%402103212317665431746995154e0b51%2112000047452832911%21sea%21US%210%21ABX%211%210%21n_tag%3A-29910%3Bd%3A783f4a1%3Bm03_new_user%3A-29895%3BpisId%3A5000000187461913&curPageLogUid=JtKXl9xwOCtR&utparam-url=scene%3Asearch%7Cquery_from%3A%7Cx_object_id%3A1005008982191739%7C_p_origin_prod%3A,,,
Modern Line,22,Vase,Interlinked Vase,20,22,54.99,32.99,59.99%,Yes,https://www.aliexpress.us/item/3256807345399896.html?spm=a2g0o.productlist.main.2.4fa4uITSuITSMN&algo_pvid=f968a035-bb01-4b67-aac8-a88d367c0027&algo_exp_id=f968a035-bb01-4b67-aac8-a88d367c0027-13&pdp_ext_f=%7B%22order%22%3A%229%22%2C%22eval%22%3A%221%22%2C%22fromPage%22%3A%22search%22%7D&pdp_npi=6%40dis%21USD%2182.83%2119.51%21%21%21579.20%21136.39%21%402103212317665431746995154e0b51%2112000041178886996%21sea%21US%210%21ABX%211%210%21n_tag%3A-29910%3Bd%3A783f4a1%3Bm03_new_user%3A-29895%3BpisId%3A5000000187461913&curPageLogUid=LlrDd2FelSHc&utparam-url=scene%3Asearch%7Cquery_from%3A%7Cx_object_id%3A1005007531714648%7C_p_origin_prod%3A,,,
Modern Line,23,Vase,Jug Vase,5,5.5,24.99,19.49,77.99%,Yes,https://www.aliexpress.us/item/3256808963398777.html?spm=a2g0o.productlist.main.10.4fa4uITSuITSMN&algo_pvid=f968a035-bb01-4b67-aac8-a88d367c0027&algo_exp_id=f968a035-bb01-4b67-aac8-a88d367c0027-1&pdp_ext_f=%7B%22order%22%3A%222%22%2C%22eval%22%3A%221%22%2C%22fromPage%22%3A%22search%22%7D&pdp_npi=6%40dis%21USD%2131.59%213.37%21%21%21220.89%2123.58%21%402103212317665431746995154e0b51%2112000048096366914%21sea%21US%210%21ABX%211%210%21n_tag%3A-29910%3Bd%3A783f4a1%3Bm03_new_user%3A-29895%3BpisId%3A5000000187461913&curPageLogUid=QC4cKXS4aikF&utparam-url=scene%3Asearch%7Cquery_from%3A%7Cx_object_id%3A1005009149713529%7C_p_origin_prod%3A,,,
Modern Line,24,Misc,Ash Tray,10,11,24.99,13.99,55.98%,Yes,https://www.aliexpress.us/item/3256810348808387.html?spm=a2g0o.productlist.main.20.2765umsqumsqZg&algo_pvid=8c742ebb-4d76-4a12-b75f-9ca47c11f4c2&algo_exp_id=8c742ebb-4d76-4a12-b75f-9ca47c11f4c2-19&pdp_ext_f=%7B%22order%22%3A%22-1%22%2C%22eval%22%3A%221%22%2C%22fromPage%22%3A%22search%22%7D&pdp_npi=6%40dis%21USD%215.18%210.99%21%21%2136.25%216.95%21%402101d6ff17665439183348536e9ee4%2112000052735222353%21sea%21US%210%21ABX%211%210%21n_tag%3A-29910%3Bd%3A783f4a1%3Bm03_new_user%3A-29895%3BpisId%3A5000000187461913&curPageLogUid=xkfaqX6q4avE&utparam-url=scene%3Asearch%7Cquery_from%3A%7Cx_object_id%3A1005010535123139%7C_p_origin_prod%3A,,,
Japanese Line,25,Bowl,Japanese 7.5 inch bowl,,,,,,Yes,https://www.aliexpress.us/item/3256807387446078.html?spm=a2g0o.productlist.main.5.425e5203MMTCfN&algo_pvid=278eedf7-3875-4045-a263-4462325a4a1a&algo_exp_id=278eedf7-3875-4045-a263-4462325a4a1a-4&pdp_ext_f=%7B%22order%22%3A%22-1%22%2C%22eval%22%3A%221%22%2C%22fromPage%22%3A%22search%22%7D&pdp_npi=6%40dis%21USD%21137.39%2138.11%21%21%21960.79%21266.54%21%402101e80317665447520123047e1834%2112000041351698983%21sea%21US%210%21ABX%211%210%21n_tag%3A-29910%3Bd%3A783f4a1%3Bm03_new_user%3A-29895%3BpisId%3A5000000187461913&curPageLogUid=HXIdFSPWQAS6&utparam-url=scene%3Asearch%7Cquery_from%3A%7Cx_object_id%3A1005007573760830%7C_p_origin_prod%3A,,,
Modern Line,26,Vase,Pitcher Vase,$19.00,$20.90,55,$34.10,62.00%,Yes,https://www.temu.com/1pc-rustic-ceramic-vase-with-handle--pitcher-for-home-decor-cylindrical-tabletop-display-durable-ceramic-material-no-electricity-needed-decorative--birthday-gifts-christmas-gifts-halloween-gifts-g-601101412231504.html?_oak_mp_inf=ENDSmaGt1ogBGhVqd2dmdGhweGM4cm1jdXpoNGdmdjYgkdHZ7LQz&top_gallery_url=https%3A%2F%2Fimg.kwcdn.com%2Fproduct%2Ffancy%2F390dd0a7-2e5d-45a4-9515-0013e25b2604.jpg&spec_gallery_id=202457511898&refer_page_sn=20130&refer_source=0&freesia_scene=700&_oak_freesia_scene=700&_oak_rec_ext_1=MTU1Mw&_oak_gallery_order=1685803512%2C2122150774%2C838046646%2C1036638225%2C1747698726&refer_page_el_sn=233141&_x_sessn_id=u958l8l85p&refer_page_name=Local%20Warehouse&refer_page_id=20130_1766533221450_wue95kwkg6,,,